{
    "4.0": 5.933333333333333,
    "5.0": 12.419999999999998,
    "6.0": 20.0,
    "7.0": 13.5,
    "8.0": 17.275,
    "9.0": 28.46,
    "10.0": 26.625,
    "11.0": 31.833333333333332,
    "12.0": 39.974999999999994,
    "13.0": 31.999999999999996,
    "14.0": 4.2
}